<?xml version="1.0" encoding="UTF-8"?>
<metadata xml:lang="en"><Esri><CreaDate>20210113</CreaDate><CreaTime>12361200</CreaTime><ArcGISFormat>1.0</ArcGISFormat><SyncOnce>FALSE</SyncOnce><DataProperties><itemProps><itemName Sync="TRUE">GT_ALL_Merge_BothJanAndFeb</itemName><imsContentType Sync="TRUE">002</imsContentType><itemSize Sync="TRUE">0.000</itemSize><itemLocation><linkage Sync="TRUE">file://\\DESKTOP-CSRBHIH\C$\Users\ainsl\OneDrive\Documents\MSUResearch\Ground Truthing\February Additional\GT_ALL_Merge_BothJanAndFeb.shp</linkage><protocol Sync="TRUE">Local Area Network</protocol></itemLocation></itemProps><coordRef><type Sync="TRUE">Geographic</type><geogcsn Sync="TRUE">GCS_WGS_1984</geogcsn><csUnits Sync="TRUE">Angular Unit: Degree (0.017453)</csUnits><peXml Sync="TRUE">&lt;GeographicCoordinateSystem xsi:type='typens:GeographicCoordinateSystem' xmlns:xsi='http://www.w3.org/2001/XMLSchema-instance' xmlns:xs='http://www.w3.org/2001/XMLSchema' xmlns:typens='http://www.esri.com/schemas/ArcGIS/10.7'&gt;&lt;WKT&gt;GEOGCS[&amp;quot;GCS_WGS_1984&amp;quot;,DATUM[&amp;quot;D_WGS_1984&amp;quot;,SPHEROID[&amp;quot;WGS_1984&amp;quot;,6378137.0,298.257223563]],PRIMEM[&amp;quot;Greenwich&amp;quot;,0.0],UNIT[&amp;quot;Degree&amp;quot;,0.0174532925199433],AUTHORITY[&amp;quot;EPSG&amp;quot;,4326]]&lt;/WKT&gt;&lt;XOrigin&gt;-400&lt;/XOrigin&gt;&lt;YOrigin&gt;-400&lt;/YOrigin&gt;&lt;XYScale&gt;11258999068426.238&lt;/XYScale&gt;&lt;ZOrigin&gt;-100000&lt;/ZOrigin&gt;&lt;ZScale&gt;10000&lt;/ZScale&gt;&lt;MOrigin&gt;-100000&lt;/MOrigin&gt;&lt;MScale&gt;10000&lt;/MScale&gt;&lt;XYTolerance&gt;8.983152841195215e-09&lt;/XYTolerance&gt;&lt;ZTolerance&gt;0.001&lt;/ZTolerance&gt;&lt;MTolerance&gt;0.001&lt;/MTolerance&gt;&lt;HighPrecision&gt;true&lt;/HighPrecision&gt;&lt;LeftLongitude&gt;-180&lt;/LeftLongitude&gt;&lt;WKID&gt;4326&lt;/WKID&gt;&lt;LatestWKID&gt;4326&lt;/LatestWKID&gt;&lt;/GeographicCoordinateSystem&gt;</peXml></coordRef><lineage><Process ToolSource="c:\program files (x86)\arcgis\desktop10.7\ArcToolbox\Toolboxes\Data Management Tools.tbx\Merge" Date="20210113" Time="123631">Merge 'Wasim Akram\Uttarshibarchar_export';'Wasim Akram\Bheduria_export';'Wasim Akram\Bahadurpur_export';Shah_Alam\Polygon_Test_12_Nov_By_Shah_Alam_Export;Shah_Alam\Polygon_Test_11_Nov_By_Shah_Alam_Export;Shah_Alam\Polygon_10_November_Rony_Export;Shah_Alam\Polygon_Test_09_Nov_By_Shah_Alam_Export;Shah_Alam\Polygon_8_November_Rony_Export;Shah_Alam\Polygon_Test_07_Nov_By_Shah_Alam_Export;Shah_Alam\Polygon_Test_05_Nov_By_Shah_Alam_Export;Shah_Alam\Polygon_Test_04_Nov_By_Shah_Alam_Export;Shah_Alam\Polygon_Test_03_Nov_By_Shah_Alam_Export;Shah_Alam\Polygon_Test_01_Nov_By_Shah_Alam_Export;Seikh_Razibul_Islam\Polygon_12Nov20_Razib_export;Seikh_Razibul_Islam\Polygon_11Nov20_Razib_export;Seikh_Razibul_Islam\Polygon_10Nov20_Razib_export;Seikh_Razibul_Islam\Polygon_09Nov20_Razib_export;Seikh_Razibul_Islam\Polygon_08Nov20_Razib_export;Seikh_Razibul_Islam\Polygon_07Nov20_Razib_export;Seikh_Razibul_Islam\Polygon_05Nov20_Razib_export;Seikh_Razibul_Islam\Polygon_04Nov20_Razib_export;Seikh_Razibul_Islam\PondPolygon_03Nov20_export;Seikh_Razibul_Islam\PondPolygon02Nov2020_export;'Saifullah Rony\Polygon_Test_Rony_export';'Saifullah Rony\Polygon_9_November_Rony_Export';'Saifullah Rony\Polygon_8_November_Rony_Export';'Saifullah Rony\Polygon_7_November_Rony_Export';'Saifullah Rony\Polygon_5_November_Rony_Export';'Saifullah Rony\Polygon_4_November_Rony_Export';'Saifullah Rony\Polygon_3_November_Rony_Export';'Saifullah Rony\Polygon_12_November_Rony_Export';'Saifullah Rony\Polygon_11_November_Rony_Export';'Saifullah Rony\Polygon_10_November_Rony_Export';'Nazmul Hasan\Nazmul_06_Dec_Export';'Nazmul Hasan\Polygon_5_December_Nazmul_Export';'Nazmul Hasan\bharatpur';Motiur\tentulia_export;Motiur\debpara_export;Motiur\madhyapara_export;Motiur\sreecanthapur;Motiur\dhumghat_export;Motiur\barasia_export;Motiur\mallikerber_export;'Misc Jan 4\Polygon_7_December_Nazmul_Export';'Misc Jan 4\Polygon_28_December_Rony_Export';'Misc Jan 4\kazla';'Misc Jan 4\ChangedPolygonsRazib_export';'Misc Jan 4\atulia';'Misc Jan 13\shibpur';'Misc Jan 13\Polygon_7_Jan_Motiur_Export';'Misc Jan 13\Mehedi_6_Jan_export';'Misc Jan 13\M10_42_Polygon_export';'Mehedi Hasan\Hazrabari_export';'Mehedi Hasan\Gocchapara_export';'Mehedi Hasan\BotBari_export';Mahbub\kazla;Mahbub\krisnanagar;Mahbub\kamalkati;Mahbub\hizla;Mahbub\khanpur;Mahbub\Kapsanda;Mahbub\bdurgapur;Mahbub\kashimnagar;'Hazrat Ali\Rudaghura';'Hazrat Ali\Jaduarkdanga';'Hazrat Ali\Dinar';'Hazrat Ali\Kaliganj';'Hazrat Ali\Najiher';'Farid Uz Zaman\shibpur';'Farid Uz Zaman\kumlai';'Farid Uz Zaman\kkaramara';'Farid Uz Zaman\Kapsanda';'Farid Uz Zaman\jelekhali';'Farid Uz Zaman\gajendrapur';'Farid Uz Zaman\Gajalia';'Farid Uz Zaman\dsreepur' C:\Users\ainsl\OneDrive\Documents\MSUResearch\GT_Merge_Jan13_ALL.shp "Fishpond "Fishpond" true true false 5 Long 0 5 ,First,#,Wasim Akram\Bheduria_export,Fishpond,-1,-1,Wasim Akram\Bahadurpur_export,Fishpond,-1,-1"</Process><Process ToolSource="c:\program files (x86)\arcgis\desktop10.7\ArcToolbox\Toolboxes\Data Management Tools.tbx\DeleteFeatures" Date="20210202" Time="150915">DeleteFeatures GT_Merge_Jan13_ALL</Process><Process ToolSource="c:\program files (x86)\arcgis\desktop10.7\ArcToolbox\Toolboxes\Data Management Tools.tbx\CalculateField" Date="20210211" Time="144349">CalculateField GT_Merge_Jan13_ALL Fishpond 1 VB #</Process><Process ToolSource="c:\program files (x86)\arcgis\desktop10.7\ArcToolbox\Toolboxes\Data Management Tools.tbx\Merge" Date="20210323" Time="161814">Merge GT_Merge_Jan13_ALL;Merge_W_Feb_and_March "C:\Users\ainsl\OneDrive\Documents\MSUResearch\Ground Truthing\February Additional\GT_ALL_Merge_BothJanAndFeb.shp" "Fishpond "Fishpond" true true false 5 Long 0 5 ,First,#,GT_Merge_Jan13_ALL,Fishpond,-1,-1;Id "Id" true true false 6 Long 0 6 ,First,#,Merge_W_Feb_and_March,Id,-1,-1"</Process><Process ToolSource="c:\program files (x86)\arcgis\desktop10.7\ArcToolbox\Toolboxes\Data Management Tools.tbx\CalculateField" Date="20210323" Time="201838">CalculateField Commercial Fishpond 1 VB #</Process><Process ToolSource="c:\program files (x86)\arcgis\desktop10.7\ArcToolbox\Toolboxes\Data Management Tools.tbx\CalculateField" Date="20210323" Time="201907">CalculateField Homestead Fishpond 1 VB #</Process><Process ToolSource="c:\program files (x86)\arcgis\desktop10.7\ArcToolbox\Toolboxes\Data Management Tools.tbx\CalculateField" Date="20210323" Time="201921">CalculateField Gher_With_Rice Fishpond 1 VB #</Process><Process ToolSource="c:\program files (x86)\arcgis\desktop10.7\ArcToolbox\Toolboxes\Data Management Tools.tbx\CalculateField" Date="20210323" Time="201934">CalculateField Gher_Without_Rice Fishpond 1 VB #</Process><Process ToolSource="c:\program files (x86)\arcgis\desktop10.7\ArcToolbox\Toolboxes\Data Management Tools.tbx\CalculateField" Date="20210323" Time="201949">CalculateField Derelict Fishpond 1 VB #</Process><Process ToolSource="c:\program files (x86)\arcgis\desktop10.7\ArcToolbox\Toolboxes\Data Management Tools.tbx\CalculateField" Date="20210323" Time="202003">CalculateField NonFishpond Fishpond 0 VB #</Process></lineage></DataProperties><SyncDate>20210323</SyncDate><SyncTime>16181100</SyncTime><ModDate>20210323</ModDate><ModTime>16181100</ModTime></Esri><dataIdInfo><envirDesc Sync="TRUE"> Version 6.2 (Build 9200) ; Esri ArcGIS 10.7.1.11595</envirDesc><dataLang><languageCode value="eng" Sync="TRUE"></languageCode><countryCode value="USA" Sync="TRUE"></countryCode></dataLang><idCitation><resTitle Sync="TRUE">GT_ALL_Merge_BothJanAndFeb</resTitle><presForm><PresFormCd value="005" Sync="TRUE"></PresFormCd></presForm></idCitation><spatRpType><SpatRepTypCd value="001" Sync="TRUE"></SpatRepTypCd></spatRpType></dataIdInfo><mdLang><languageCode value="eng" Sync="TRUE"></languageCode><countryCode value="USA" Sync="TRUE"></countryCode></mdLang><mdChar><CharSetCd value="004" Sync="TRUE"></CharSetCd></mdChar><distInfo><distFormat><formatName Sync="TRUE">Shapefile</formatName></distFormat><distTranOps><transSize Sync="TRUE">0.000</transSize></distTranOps></distInfo><mdHrLv><ScopeCd value="005" Sync="TRUE"></ScopeCd></mdHrLv><mdHrLvName Sync="TRUE">dataset</mdHrLvName><refSysInfo><RefSystem><refSysID><identCode code="4326" Sync="TRUE"></identCode><idCodeSpace Sync="TRUE">EPSG</idCodeSpace><idVersion Sync="TRUE">6.14(3.0.1)</idVersion></refSysID></RefSystem></refSysInfo><spatRepInfo><VectSpatRep><geometObjs Name="GT_ALL_Merge_BothJanAndFeb"><geoObjTyp><GeoObjTypCd value="002" Sync="TRUE"></GeoObjTypCd></geoObjTyp><geoObjCnt Sync="TRUE">0</geoObjCnt></geometObjs><topLvl><TopoLevCd value="001" Sync="TRUE"></TopoLevCd></topLvl></VectSpatRep></spatRepInfo><spdoinfo><ptvctinf><esriterm Name="GT_ALL_Merge_BothJanAndFeb"><efeatyp Sync="TRUE">Simple</efeatyp><efeageom code="4" Sync="TRUE"></efeageom><esritopo Sync="TRUE">FALSE</esritopo><efeacnt Sync="TRUE">0</efeacnt><spindex Sync="TRUE">FALSE</spindex><linrefer Sync="TRUE">FALSE</linrefer></esriterm></ptvctinf></spdoinfo><eainfo><detailed Name="GT_ALL_Merge_BothJanAndFeb"><enttyp><enttypl Sync="TRUE">GT_ALL_Merge_BothJanAndFeb</enttypl><enttypt Sync="TRUE">Feature Class</enttypt><enttypc Sync="TRUE">0</enttypc></enttyp><attr><attrlabl Sync="TRUE">FID</attrlabl><attalias Sync="TRUE">FID</attalias><attrtype Sync="TRUE">OID</attrtype><attwidth Sync="TRUE">4</attwidth><atprecis Sync="TRUE">0</atprecis><attscale Sync="TRUE">0</attscale><attrdef Sync="TRUE">Internal feature number.</attrdef><attrdefs Sync="TRUE">Esri</attrdefs><attrdomv><udom Sync="TRUE">Sequential unique whole numbers that are automatically generated.</udom></attrdomv></attr><attr><attrlabl Sync="TRUE">Shape</attrlabl><attalias Sync="TRUE">Shape</attalias><attrtype Sync="TRUE">Geometry</attrtype><attwidth Sync="TRUE">0</attwidth><atprecis Sync="TRUE">0</atprecis><attscale Sync="TRUE">0</attscale><attrdef Sync="TRUE">Feature geometry.</attrdef><attrdefs Sync="TRUE">Esri</attrdefs><attrdomv><udom Sync="TRUE">Coordinates defining the features.</udom></attrdomv></attr><attr><attrlabl Sync="TRUE">Fishpond</attrlabl><attalias Sync="TRUE">Fishpond</attalias><attrtype Sync="TRUE">Integer</attrtype><attwidth Sync="TRUE">5</attwidth><atprecis Sync="TRUE">5</atprecis><attscale Sync="TRUE">0</attscale></attr><attr><attrlabl Sync="TRUE">Id</attrlabl><attalias Sync="TRUE">Id</attalias><attrtype Sync="TRUE">Integer</attrtype><attwidth Sync="TRUE">6</attwidth><atprecis Sync="TRUE">6</atprecis><attscale Sync="TRUE">0</attscale></attr></detailed></eainfo><mdDateSt Sync="TRUE">20210323</mdDateSt></metadata>
